{"cameraMode":{"drawMode":0,"name":"Shaded","section":"Shading Mode"},"sceneLighting":false,"audioPlay":false,"sceneViewState":{"showFog":true,"showMaterialUpdate":false,"showSkybox":false,"showFlares":true,"showImageEffects":true,"showParticleSystems":true},"in2DMode":false,"pivot":{"x":-0.0032495856285095217,"y":0.03483390808105469,"z":-0.12332108616828919},"rotation":{"x":0.013142876327037812,"y":-0.22834405303001405,"z":0.0030828588642179968,"w":0.9734875559806824},"size":1.5974079370498658,"orthographic":false}