{"cameraMode":{"drawMode":0,"name":"Shaded","section":"Shading Mode"},"sceneLighting":true,"audioPlay":false,"sceneViewState":{"showFog":true,"showMaterialUpdate":false,"showSkybox":true,"showFlares":true,"showImageEffects":true,"showParticleSystems":true},"in2DMode":false,"pivot":{"x":-26.858922958374025,"y":5.779573917388916,"z":20.045757293701173},"rotation":{"x":0.32998615503311159,"y":-0.5363889932632446,"z":0.23953720927238465,"w":0.7389306426048279},"size":85.2310791015625,"orthographic":false}