{"cameraMode":{"drawMode":0,"name":"Shaded","section":"Shading Mode"},"sceneLighting":true,"audioPlay":false,"sceneViewState":{"showFog":true,"showMaterialUpdate":false,"showSkybox":true,"showFlares":true,"showImageEffects":true,"showParticleSystems":true},"in2DMode":false,"pivot":{"x":-4.563196182250977,"y":2.7978720664978029,"z":-0.22537708282470704},"rotation":{"x":0.006656217854470015,"y":0.7207353115081787,"z":0.006920887157320976,"w":-0.6931483149528503},"size":13.872994422912598,"orthographic":false}