{"cameraMode":{"drawMode":0,"name":"Shaded","section":"Shading Mode"},"sceneLighting":false,"audioPlay":false,"sceneViewState":{"showFog":true,"showMaterialUpdate":false,"showSkybox":false,"showFlares":true,"showImageEffects":true,"showParticleSystems":true},"in2DMode":false,"pivot":{"x":-0.005155086517333984,"y":0.055260539054870608,"z":-0.23308336734771729},"rotation":{"x":0.08973552286624909,"y":-0.056140173226594928,"z":0.00506635894998908,"w":0.9943691492080689},"size":2.4996628761291506,"orthographic":true}