{"cameraMode":{"drawMode":0,"name":"Shaded","section":"Shading Mode"},"sceneLighting":true,"audioPlay":false,"sceneViewState":{"showFog":true,"showMaterialUpdate":false,"showSkybox":true,"showFlares":true,"showImageEffects":true,"showParticleSystems":true},"in2DMode":false,"pivot":{"x":35.84917449951172,"y":17.854429244995118,"z":13.179611206054688},"rotation":{"x":0.08973552286624909,"y":-0.056140173226594928,"z":0.00506635894998908,"w":0.9943691492080689},"size":427.6741638183594,"orthographic":true}