{"cameraMode":{"drawMode":0,"name":"Shaded","section":"Shading Mode"},"sceneLighting":false,"audioPlay":false,"sceneViewState":{"showFog":true,"showMaterialUpdate":false,"showSkybox":false,"showFlares":true,"showImageEffects":true,"showParticleSystems":true},"in2DMode":false,"pivot":{"x":8.406654357910157,"y":1.0075002908706666,"z":1.506447196006775},"rotation":{"x":0.08973552286624909,"y":-0.056140173226594928,"z":0.00506635894998908,"w":0.9943691492080689},"size":8.808769226074219,"orthographic":true}